<?xml version="1.0" encoding="UTF-8"?>
<plugin_manifest xmlns="http://www.elgg.org/plugin_manifest/1.8">
	<name>Community Twitter Widget for Elgg 1.8</name>
	<author>Steve Aquila, Rodolfo Hernandez</author>
	<version>Gamma</version>
	<category>bundled</category>
	<category>enhancement</category>
	<category>Communication</category>
	
	<description>
	
	This simple plugin lets users show your twitter stream.	Developed by Steve Aquila	http://community.elgg.org/pg/profile/SteveAquila	and Rodolfo Hernandez http://community.elgg.org/pg/profile/rjcalifornia
	</description>
	
	<website>
	http://community.elgg.org/
	</website>
	
	<license>
	GNU General Public License version 2
	</license>
	
	<requires>
		<type>elgg_release</type>
		<version>1.8</version>
	</requires>
	
</plugin_manifest>
