<?xml version="1.0" encoding="UTF-8"?>
<plugin_manifest xmlns="http://www.elgg.org/plugin_manifest/1.8">
	<name>Radio</name>
	<author>Onx5</author>
	<version>1.0</version>
	<description>Radio for your website</description>
	<category>Radio</category>
	<category>bundled</category>
	<website>http://www.onx5.com//</website>
	<copyright>See COPYRIGHT.txt</copyright>
	<license>GNU Public License version 2</license>
	<requires>
		<type>elgg_version</type>
		<version>1.8</version>
	</requires>
</plugin_manifest>
