<?xml version="1.0" encoding="UTF-8"?>
<plugin_manifest xmlns="http://www.elgg.org/plugin_manifest/1.8">
  <name>iZAP Elgg Bridge</name>
  <author>iZAP Team</author>
  <version>2.1.1</version>
  <blurb>Sub-Framework for iZAP Plugins</blurb>
  <description>Most important plugins for iZAP Plugns to work</description>
  <website>http://www.pluginlotto.com/store</website>
  <copyright>(C) iZAP Web Solution</copyright>
  <license>GNU Public License version 2</license>
  <requires>
    <type>elgg_version</type>
    <version>2011122100</version>
  </requires>
  <category>Media</category>
  <admin_interface>advanced</admin_interface>

</plugin_manifest>