<?xml version="1.0" encoding="UTF-8"?>
<plugin_manifest xmlns="http://www.elgg.org/plugin_manifest/1.8">
	<name>WI Bid</name>
	<author>Mark Kelly</author>
	<version>1.6</version>
	<category>new</category>
	<description>Add and view bids.</description>
	<website>http://www.webintelligence.ie</website>
	<copyright>Web intelligence</copyright>
	<license>GNU Public License version 2</license>
	<requires>
		<type>elgg_version</type>
		<version>1.8</version>
	</requires>
        
    <requires>
        <type>plugin</type>
        <name>webIntFramework</name>
        <version>1.0</version>
    </requires>   
    
	<admin_interface>simple</admin_interface>
</plugin_manifest>
