<?xml version="1.0" encoding="UTF-8"?>
<plugin_manifest xmlns="http://www.elgg.org/plugin_manifest/1.8">
	<name>easy_theme_slide</name>
	<author>June B</author>
	<version>1.0</version>
	<category>theme</category>
	<description>
		Easy Theme (Slide)
	</description>
	<website>http://www.jubo.co.uk</website>
	<copyright>(C) 2011 June B</copyright>
	<license>GNU Public License version 2</license>
	
	<requires>
		<type>elgg_version</type>
		<version>2011061200</version>
	</requires>
	
		<requires>
		<type>priority</type>
		<priority>after</priority>
		<plugin>profile</plugin>
	</requires>
	<requires>
		<type>priority</type>
		<priority>after</priority>
		<plugin>groups</plugin>
	</requires>
	<requires>
		<type>priority</type>
		<priority>after</priority>
		<plugin>messages</plugin>
	</requires>
	<requires>
		<type>priority</type>
		<priority>after</priority>
		<plugin>search</plugin>
	</requires>
	<requires>
		<type>priority</type>
		<priority>after</priority>
		<plugin>thewire</plugin>
	</requires>

	<suggests>
		<type>plugin</type>
		<name>profile</name>
		<version>1.8</version>
	</suggests>
		
		
	
</plugin_manifest>
