<?xml version="1.0" encoding="UTF-8"?>
<plugin_manifest xmlns="http://www.elgg.org/plugin_manifest/1.8">
        <name>Elggx Userpoints</name>
        <author>iionly (for Elgg 1.8) / Billy Gunn</author>
        <version>1.8.2</version>
        <category>enhancement</category>
        <description>This plugin provides a mechanism for users to gain or lose points for performing certain actions on your site.</description>
        <website>http://www.elgg.org/</website>
        <copyright>See COPYRIGHT.txt</copyright>
        <license>GNU Public License version 2</license>
        <requires>
                <type>elgg_release</type>
                <version>1.8</version>
        </requires>
        <activate_on_install>false</activate_on_install>
        <admin_interface>advanced</admin_interface>
</plugin_manifest>
