<?xml version="1.0" encoding="UTF-8" ?>
<plugin_manifest xmlns="http://www.elgg.org/plugin_manifest/1.8">
	<name>Highslide for TidyPics</name>
	<author>Dr. Sanu P Moideen for Team Webgalli.</author>
	<version>1.7.1</version>
	<description>This will add a beaytiful javaquery slideshow for your photogalleries</description>
	<website>http://www.webgalli.com/</website>
	<copyright>(C) Team Webgalli 2008-2009/2012</copyright>
	<licence>GNU General Public License version 2</licence>

   	<requires>
		<type>elgg_release</type>
		<version>1.8</version>
	</requires>
</plugin_manifest>
