<?xml version="1.0" encoding="UTF-8"?>
<plugin_manifest xmlns="http://www.elgg.org/plugin_manifest/1.8">
	<name>MSOffice Mime Types Patch</name>
	<author>Thomas Yung</author>
	<version>1.01</version>
	<description>This is a temporary patch for getting Elgg to recognize docx, xlsx, and pptx files that are uploaded using the Files plugin.</description>
	<requires>
		<type>elgg_release</type>
		<version>1.8</version>
	</requires>
	<requires>
	    <type>plugin</type>
	    <name>file</name>
	</requires>
	<requires>
		<type>priority</type>
		<priority>after</priority>
		<plugin>file</plugin>
	</requires>
</plugin_manifest>