<?xml version="1.0" encoding="UTF-8"?>
<plugin_manifest xmlns="http://www.elgg.org/plugin_manifest/1.8">
	<name>WI Quote vGPL</name>
	<author>Web intelligence</author>
	<version>1.4</version>
	<category>new</category>
	<description>Add and view quotes.</description>
	<website>http://www.webintelligence.ie</website>
	<copyright>Web Intelligence</copyright>
	<license>GNU Public License version 2</license>
	<requires>
		<type>elgg_version</type>
		<version>2009030702</version>
	</requires>
	<admin_interface>advanced</admin_interface>
</plugin_manifest>
