<?xml version="1.0" encoding="UTF-8"?>
<plugin_manifest xmlns="http://www.elgg.org/plugin_manifest/1.8">
	<name>Homepage CMS</name>
	<author>Matt Beckett</author>
	<version>1.2</version>
	<description>A very customizable index based on the utility of widget manager</description>
	<website>http://clever-name.com</website>
	<copyright>Matt Beckett</copyright>
	<license>GNU Public License version 2</license>
 
	<!-- All plugins must require either elgg_version or elgg_release. -->
	<requires>
		<type>elgg_release</type>
		<version>1.8</version>
	</requires>
  
  <requires>
    <type>plugin</type>
    <name>widget_manager</name>
  </requires>
  
  <requires>
    <type>priority</type>
    <priority>after</priority>
    <plugin>widget_manager</plugin>
  </requires>
  
	<category>Theme</category>
</plugin_manifest>
