<?xml version="1.0" encoding="UTF-8"?>
<plugin_manifest xmlns="http://www.elgg.org/plugin_manifest/1.8">
	<name>Widget Manager</name>
	<author>ColdTrick IT Solutions</author>
	<version>4.3</version>
	<description>Manage your widgets</description>
	<website>http://www.coldtrick.com/</website>
	<copyright>(C) ColdTrick IT Solutions 2009 - 2011</copyright>
	<license>GNU Public License version 2</license>
 	
 	<requires>
		<type>elgg_release</type>
		<version>1.8.2</version>
	</requires>
	
	<requires>
		<type>priority</type>
		<plugin>profile</plugin>
		<priority>after</priority>
	</requires>
	
	<requires>
		<type>priority</type>
		<plugin>tagcloud</plugin>
		<priority>after</priority>
	</requires>
	
	<requires>
		<type>priority</type>
		<plugin>twitter</plugin>
		<priority>after</priority>
	</requires>
	
	<suggests>
		<type>plugin</type>
		<name>groups</name>
	</suggests>
	<requires>
		<type>priority</type>
		<plugin>groups</plugin>
		<priority>after</priority>
	</requires>
	
	<suggests>
		<type>plugin</type>
		<name>dashboard</name>
	</suggests>
	<suggests>
		<type>plugin</type>
		<name>group_tools</name>
	</suggests>
	
 	<category>ColdTrick</category>
</plugin_manifest>