<?xml version="1.0" encoding="UTF-8"?>
<plugin_manifest xmlns="http://www.elgg.org/plugin_manifest/1.8">
	<name>Tidypics Photo Gallery</name>
	<author>Cash Costello</author>
	<version>1.8.0-preview2</version>
	<description>A photo gallery with albums, tagging, and a slideshow.</description>
	<category>content</category>
	<category>multimedia</category>
	<website>https://github.com/cash/Tidypics</website>
	<copyright>Cash Costello 2011-2012</copyright>
	<license>GNU General Public License Version 2</license>
	<requires>
		<type>elgg_release</type>
		<version>1.8</version>
	</requires>
</plugin_manifest>