<?xml version="1.0" encoding="UTF-8"?>
<plugin_manifest xmlns="http://www.elgg.org/plugin_manifest/1.8">
	<name>Instagram Feed</name>
	<author>Cim</author>
	<version>1.8.11</version>
	<category>Widgets</category>
	<description>Shows a user's Instagram feed via profile widget</description>
	<website>http://demyx.com</website>
	<copyright>(C) Demyx</copyright>
	<license>GNU General Public License (GPL) version 2</license>
	<requires>
		<type>elgg_version</type>
		<version>2012120500</version>
	</requires>
	<admin_interface>simple</admin_interface>
	<activate_on_install>false</activate_on_install>
</plugin_manifest>
