<?xml version="1.0" encoding="UTF-8"?>
<plugin_manifest xmlns="http://www.elgg.org/plugin_manifest/1.8">
	<name>Web Intelligence Framework</name>
	<author>Web Intelligence - Please like us on facebook http://www.facebook.com/webintelligence.ie</author>
	<version>1.6</version>
	<description>A framework to support the plugins of Web Intelligence (www.webintelligence.ie).</description>
	<website>http://www.webintelligence.ie/</website>
	<copyright>(C) Web Intelligence 2012</copyright>
	<license>GNU General Public License version 2</license>

	<requires>
		<type>elgg_release</type>
		<version>1.8</version>
	</requires>

	<admin_interface>simple</admin_interface>
	<activate_on_install>false</activate_on_install>

</plugin_manifest>
