<?xml version="1.0" encoding="UTF-8"?>
<plugin_manifest xmlns="http://www.elgg.org/plugin_manifest/1.8">
	<name>WI Job vGPL</name>
	<author>Web Intelligence - Please like us on facebook http://www.facebook.com/webintelligence.ie</author>
	<version>1.4</version>
	<description>Add jobs/freelancer projects and get quotes</description>
	<website>http://www.webintelligence.ie</website>
	<copyright>See COPYRIGHT.txt</copyright>
	<license>GNU Public License version 2</license>
	<requires>
		<type>elgg_version</type>
		<version>2010030101</version>
	</requires>
	<admin_interface>simple</admin_interface>
</plugin_manifest>
